{
    "result_dir": "result/dfbscan/deepseek-chat/MLK/Java/jleaks_mlk_198/2026-03-16-16-39-37-0",
    "ground_truth_count": 198,
    "detected_bug_count": 171,
    "missing_bug_count": 27,
    "file_level_recall": 0.8636363636363636,
    "file_level_precision": 1.0,
    "total_reports": 511,
    "duplicate_bug_count": 114,
    "duplicate_extra_reports": 340,
    "report_level_defect_method_hit_ratio": 0.4892367906066536,
    "file_level_primary_defect_method_hit_ratio": 0.6549707602339181,
    "file_level_loose_defect_method_hit_ratio": 0.9064327485380117,
    "fn_taxonomy": {
        "no_source": {
            "count": 20,
            "bug_ids": [
                119,
                164,
                243,
                247,
                256,
                285,
                334,
                410,
                463,
                635,
                670,
                791,
                895,
                947,
                1106,
                1209,
                1274,
                1436,
                1441,
                1494
            ]
        },
        "soot_source_blocked": {
            "count": 0,
            "bug_ids": []
        },
        "transfer_drop": {
            "count": 0,
            "bug_ids": []
        },
        "other": {
            "count": 7,
            "bug_ids": [
                280,
                295,
                315,
                348,
                460,
                572,
                1517
            ]
        }
    }
}