{
    "result_dir": "result/dfbscan/deepseek-chat/MLK/Java/jleaks_mlk_tp0_nonandroid/2026-03-23-14-56-02-0",
    "ground_truth_count": 1008,
    "detected_bug_count": 863,
    "missing_bug_count": 145,
    "file_level_recall": 0.8561507936507936,
    "file_level_precision": 1.0,
    "total_reports": 2168,
    "raw_total_reports": 3037,
    "issue_total_reports": 2168,
    "duplicate_bug_count": 496,
    "duplicate_extra_reports": 1305,
    "report_level_defect_method_hit_ratio": 0.3837638376383764,
    "file_level_primary_defect_method_hit_ratio": 0.5504055619930475,
    "file_level_loose_defect_method_hit_ratio": 0.7902665121668598,
    "method_level_total_clusters": 1917,
    "method_level_total_positions": 2933,
    "method_level_gt_cluster_hit_ratio": 0.35732916014606153,
    "method_level_gt_bug_hit_ratio": 0.7682502896871379,
    "method_level_position_duplicate_extra_reports": 1,
    "method_level_exact_duplicate_extra_reports": 0,
    "fn_taxonomy": {
        "no_source": {
            "count": 110,
            "bug_ids": [
                31,
                51,
                57,
                93,
                97,
                118,
                119,
                130,
                137,
                164,
                185,
                193,
                194,
                203,
                211,
                239,
                243,
                278,
                285,
                286,
                321,
                322,
                334,
                335,
                336,
                363,
                366,
                396,
                410,
                435,
                472,
                473,
                475,
                486,
                489,
                498,
                512,
                532,
                551,
                554,
                564,
                591,
                622,
                656,
                663,
                670,
                673,
                684,
                728,
                752,
                754,
                755,
                775,
                791,
                813,
                838,
                868,
                880,
                896,
                937,
                947,
                956,
                977,
                1026,
                1102,
                1107,
                1113,
                1118,
                1119,
                1121,
                1128,
                1136,
                1143,
                1154,
                1166,
                1209,
                1224,
                1255,
                1257,
                1259,
                1268,
                1274,
                1280,
                1291,
                1305,
                1311,
                1322,
                1327,
                1337,
                1394,
                1398,
                1409,
                1411,
                1412,
                1423,
                1424,
                1426,
                1436,
                1441,
                1453,
                1454,
                1463,
                1472,
                1473,
                1475,
                1494,
                1500,
                1518,
                1541,
                1545
            ]
        },
        "soot_source_blocked": {
            "count": 0,
            "bug_ids": []
        },
        "transfer_drop": {
            "count": 6,
            "bug_ids": [
                32,
                535,
                907,
                1104,
                1450,
                1537
            ]
        },
        "other": {
            "count": 29,
            "bug_ids": [
                76,
                77,
                100,
                142,
                156,
                165,
                166,
                205,
                212,
                284,
                293,
                327,
                443,
                444,
                460,
                563,
                569,
                572,
                681,
                882,
                1129,
                1205,
                1251,
                1262,
                1308,
                1312,
                1356,
                1457,
                1535
            ]
        }
    }
}