{
    "result_dir": "result/dfbscan/deepseek-chat/MLK/Java/jleaks_mlk_198/2026-03-16-15-04-49-0",
    "ground_truth_count": 198,
    "detected_bug_count": 168,
    "missing_bug_count": 30,
    "file_level_recall": 0.8484848484848485,
    "file_level_precision": 1.0,
    "total_reports": 437,
    "duplicate_bug_count": 101,
    "duplicate_extra_reports": 269,
    "report_level_defect_method_hit_ratio": 0.5148741418764302,
    "file_level_primary_defect_method_hit_ratio": 0.6369047619047619,
    "file_level_loose_defect_method_hit_ratio": 0.8869047619047619,
    "fn_taxonomy": {
        "no_source": {
            "count": 0,
            "bug_ids": []
        },
        "soot_source_blocked": {
            "count": 0,
            "bug_ids": []
        },
        "transfer_drop": {
            "count": 1,
            "bug_ids": [
                116
            ]
        },
        "other": {
            "count": 29,
            "bug_ids": [
                119,
                164,
                243,
                247,
                256,
                285,
                295,
                298,
                306,
                307,
                334,
                410,
                463,
                572,
                635,
                670,
                791,
                858,
                895,
                947,
                1035,
                1106,
                1209,
                1254,
                1274,
                1436,
                1440,
                1441,
                1494
            ]
        }
    }
}